{
    "name": "root",
    "gauges": {
        "Pixel.Policy.Entropy.mean": {
            "value": 1.2302396297454834,
            "min": 0.9543301463127136,
            "max": 1.4190874099731445,
            "count": 4125
        },
        "Pixel.Policy.Entropy.sum": {
            "value": 24181.58984375,
            "min": 16284.826171875,
            "max": 34887.9765625,
            "count": 4125
        },
        "Pixel.Environment.EpisodeLength.mean": {
            "value": 62.49032258064516,
            "min": 26.23076923076923,
            "max": 1999.0,
            "count": 4120
        },
        "Pixel.Environment.EpisodeLength.sum": {
            "value": 19372.0,
            "min": 528.0,
            "max": 91954.0,
            "count": 4120
        },
        "Pixel.Self-play.ELO.mean": {
            "value": 975.7195293488705,
            "min": 898.3484886714249,
            "max": 1187.8987515391646,
            "count": 4096
        },
        "Pixel.Self-play.ELO.sum": {
            "value": 302473.0540981499,
            "min": 1988.802429674914,
            "max": 369952.1537215753,
            "count": 4096
        },
        "Pixel.Step.mean": {
            "value": 82499930.0,
            "min": 19908.0,
            "max": 82499930.0,
            "count": 4125
        },
        "Pixel.Step.sum": {
            "value": 82499930.0,
            "min": 19908.0,
            "max": 82499930.0,
            "count": 4125
        },
        "Pixel.Policy.ExtrinsicBaselineEstimate.mean": {
            "value": 0.8847145438194275,
            "min": -0.007273870985955,
            "max": 1.0188982486724854,
            "count": 4125
        },
        "Pixel.Policy.ExtrinsicBaselineEstimate.sum": {
            "value": 303.45709228515625,
            "min": -1.6438947916030884,
            "max": 413.6726989746094,
            "count": 4125
        },
        "Pixel.Policy.ExtrinsicValueEstimate.mean": {
            "value": 0.8850722908973694,
            "min": -0.0056280954740941525,
            "max": 1.0192759037017822,
            "count": 4125
        },
        "Pixel.Policy.ExtrinsicValueEstimate.sum": {
            "value": 303.5798034667969,
            "min": -1.2261043787002563,
            "max": 413.8260192871094,
            "count": 4125
        },
        "Pixel.Environment.CumulativeReward.mean": {
            "value": 0.0,
            "min": -0.6089695271758633,
            "max": 0.0,
            "count": 4120
        },
        "Pixel.Environment.CumulativeReward.sum": {
            "value": 0.0,
            "min": -159.55001612007618,
            "max": 0.0,
            "count": 4120
        },
        "Pixel.Policy.ExtrinsicReward.mean": {
            "value": 2.0256410256410255,
            "min": -0.75,
            "max": 3.0,
            "count": 4120
        },
        "Pixel.Policy.ExtrinsicReward.sum": {
            "value": 632.0,
            "min": -19.0,
            "max": 768.0,
            "count": 4120
        },
        "Pixel.Environment.GroupCumulativeReward.mean": {
            "value": 2.0256410256410255,
            "min": -0.75,
            "max": 3.0,
            "count": 4120
        },
        "Pixel.Environment.GroupCumulativeReward.sum": {
            "value": 632.0,
            "min": -19.0,
            "max": 768.0,
            "count": 4120
        },
        "Pixel.Losses.PolicyLoss.mean": {
            "value": 0.0034945880167166856,
            "min": 0.0021428665408166126,
            "max": 0.021669533605745528,
            "count": 4125
        },
        "Pixel.Losses.PolicyLoss.sum": {
            "value": 0.03145129215045017,
            "min": 0.01998693961650133,
            "max": 0.1242132775078062,
            "count": 4125
        },
        "Pixel.Losses.ValueLoss.mean": {
            "value": 0.043602833058685064,
            "min": 0.0037437765513459453,
            "max": 0.08250846672389242,
            "count": 4125
        },
        "Pixel.Losses.ValueLoss.sum": {
            "value": 0.3924254975281656,
            "min": 0.016244716884102672,
            "max": 0.7425762005150318,
            "count": 4125
        },
        "Pixel.Losses.BaselineLoss.mean": {
            "value": 0.043632543024917446,
            "min": 0.003757431713893311,
            "max": 0.08349490103622277,
            "count": 4125
        },
        "Pixel.Losses.BaselineLoss.sum": {
            "value": 0.392692887224257,
            "min": 0.016225600527832285,
            "max": 0.751454109326005,
            "count": 4125
        },
        "Pixel.Policy.LearningRate.mean": {
            "value": 0.0002,
            "min": 0.0002,
            "max": 0.00020000000000000004,
            "count": 4125
        },
        "Pixel.Policy.LearningRate.sum": {
            "value": 0.0018000000000000002,
            "min": 0.0006000000000000001,
            "max": 0.002,
            "count": 4125
        },
        "Pixel.Policy.Epsilon.mean": {
            "value": 0.15,
            "min": 0.14999999999999997,
            "max": 0.15,
            "count": 4125
        },
        "Pixel.Policy.Epsilon.sum": {
            "value": 1.3499999999999999,
            "min": 0.44999999999999996,
            "max": 1.4999999999999998,
            "count": 4125
        },
        "Pixel.Policy.Beta.mean": {
            "value": 0.003,
            "min": 0.0029999999999999996,
            "max": 0.0030000000000000005,
            "count": 4125
        },
        "Pixel.Policy.Beta.sum": {
            "value": 0.027,
            "min": 0.009000000000000001,
            "max": 0.03,
            "count": 4125
        },
        "Pixel.IsTraining.mean": {
            "value": 1.0,
            "min": 1.0,
            "max": 1.0,
            "count": 4125
        },
        "Pixel.IsTraining.sum": {
            "value": 1.0,
            "min": 1.0,
            "max": 1.0,
            "count": 4125
        }
    },
    "metadata": {
        "timer_format_version": "0.1.0",
        "start_time_seconds": "1697759053",
        "python_version": "3.8.16 (default, Jan 17 2023, 22:25:28) [MSC v.1916 64 bit (AMD64)]",
        "command_line_arguments": "C:\\Users\\ML-Lab\\anaconda3\\envs\\hummingbird-2\\Scripts\\mlagents-learn .\\Pixel.yml --run-id pixel_40",
        "mlagents_version": "0.30.0",
        "mlagents_envs_version": "0.30.0",
        "communication_protocol_version": "1.5.0",
        "pytorch_version": "1.13.1",
        "numpy_version": "1.21.2",
        "end_time_seconds": "1698035978"
    },
    "total": 276939.0647241,
    "count": 1,
    "self": 0.013738700014073402,
    "children": {
        "run_training.setup": {
            "total": 0.09043250000000014,
            "count": 1,
            "self": 0.09043250000000014
        },
        "TrainerController.start_learning": {
            "total": 276938.9605529,
            "count": 1,
            "self": 47.13232248881832,
            "children": {
                "TrainerController._reset_env": {
                    "total": 10.721272600070396,
                    "count": 413,
                    "self": 10.721272600070396
                },
                "TrainerController.advance": {
                    "total": 276880.9406008111,
                    "count": 1861323,
                    "self": 42.30476041213842,
                    "children": {
                        "env_step": {
                            "total": 55555.69091789773,
                            "count": 1861323,
                            "self": 52249.884713595784,
                            "children": {
                                "SubprocessEnvManager._take_step": {
                                    "total": 3278.1675703072933,
                                    "count": 1861323,
                                    "self": 141.56921494315793,