{
    "name": "root",
    "gauges": {
        "Pixel.Policy.Entropy.mean": {
            "value": 0.9047617316246033,
            "min": 0.9047617316246033,
            "max": 1.4243624210357666,
            "count": 988
        },
        "Pixel.Policy.Entropy.sum": {
            "value": 18095.234375,
            "min": 17941.5703125,
            "max": 28549.919921875,
            "count": 988
        },
        "Pixel.Step.mean": {
            "value": 19759918.0,
            "min": 19914.0,
            "max": 19759918.0,
            "count": 988
        },
        "Pixel.Step.sum": {
            "value": 19759918.0,
            "min": 19914.0,
            "max": 19759918.0,
            "count": 988
        },
        "Pixel.Policy.ExtrinsicBaselineEstimate.mean": {
            "value": 5.990924835205078,
            "min": -0.12629525363445282,
            "max": 14.392631530761719,
            "count": 988
        },
        "Pixel.Policy.ExtrinsicBaselineEstimate.sum": {
            "value": 1198.1849365234375,
            "min": -26.016822814941406,
            "max": 2878.5263671875,
            "count": 988
        },
        "Pixel.Policy.ExtrinsicValueEstimate.mean": {
            "value": 5.995677471160889,
            "min": -0.21300460398197174,
            "max": 14.401946067810059,
            "count": 988
        },
        "Pixel.Policy.ExtrinsicValueEstimate.sum": {
            "value": 1199.135498046875,
            "min": -43.87894821166992,
            "max": 2880.38916015625,
            "count": 988
        },
        "Pixel.Environment.EpisodeLength.mean": {
            "value": 1999.0,
            "min": 422.0,
            "max": 1999.0,
            "count": 988
        },
        "Pixel.Environment.EpisodeLength.sum": {
            "value": 19990.0,
            "min": 12904.0,
            "max": 23714.0,
            "count": 988
        },
        "Pixel.Environment.CumulativeReward.mean": {
            "value": 0.0,
            "min": -1.3333333333333333,
            "max": 0.0,
            "count": 988
        },
        "Pixel.Environment.CumulativeReward.sum": {
            "value": 0.0,
            "min": -16.0,
            "max": 0.0,
            "count": 988
        },
        "Pixel.Policy.ExtrinsicReward.mean": {
            "value": 475.9,
            "min": 6.0,
            "max": 1163.1,
            "count": 988
        },
        "Pixel.Policy.ExtrinsicReward.sum": {
            "value": 4759.0,
            "min": 72.0,
            "max": 11661.0,
            "count": 988
        },
        "Pixel.Environment.GroupCumulativeReward.mean": {
            "value": 475.9,
            "min": 6.0,
            "max": 1163.1,
            "count": 988
        },
        "Pixel.Environment.GroupCumulativeReward.sum": {
            "value": 4759.0,
            "min": 72.0,
            "max": 11661.0,
            "count": 988
        },
        "Pixel.Self-play.ELO.mean": {
            "value": -435.90078967214777,
            "min": -460.4140951000478,
            "max": 1197.5025119332345,
            "count": 755
        },
        "Pixel.Self-play.ELO.sum": {
            "value": -871.8015793442955,
            "min": -13241.71730736524,
            "max": 42958.03588855636,
            "count": 755
        },
        "Pixel.IsTraining.mean": {
            "value": 1.0,
            "min": 1.0,
            "max": 1.0,
            "count": 988
        },
        "Pixel.IsTraining.sum": {
            "value": 1.0,
            "min": 1.0,
            "max": 1.0,
            "count": 988
        },
        "Pixel.Losses.PolicyLoss.mean": {
            "value": 0.018991827254649252,
            "min": 0.010879581412882543,
            "max": 0.023524039977928624,
            "count": 959
        },
        "Pixel.Losses.PolicyLoss.sum": {
            "value": 0.018991827254649252,
            "min": 0.010879581412882543,
            "max": 0.023524039977928624,
            "count": 959
        },
        "Pixel.Losses.ValueLoss.mean": {
            "value": 0.24222760647535324,
            "min": 0.016431933874264358,
            "max": 1.09646637737751,
            "count": 959
        },
        "Pixel.Losses.ValueLoss.sum": {
            "value": 0.24222760647535324,
            "min": 0.016431933874264358,
            "max": 1.09646637737751,
            "count": 959
        },
        "Pixel.Losses.BaselineLoss.mean": {
            "value": 0.2435088984668255,
            "min": 0.024818700458854436,
            "max": 4.773326134681701,
            "count": 959
        },
        "Pixel.Losses.BaselineLoss.sum": {
            "value": 0.2435088984668255,
            "min": 0.024818700458854436,
            "max": 4.773326134681701,
            "count": 959
        },
        "Pixel.Policy.LearningRate.mean": {
            "value": 0.0002,
            "min": 0.0002,
            "max": 0.0002,
            "count": 959
        },
        "Pixel.Policy.LearningRate.sum": {
            "value": 0.0002,
            "min": 0.0002,
            "max": 0.0002,
            "count": 959
        },
        "Pixel.Policy.Epsilon.mean": {
            "value": 0.15,
            "min": 0.15,
            "max": 0.15,
            "count": 959
        },
        "Pixel.Policy.Epsilon.sum": {
            "value": 0.15,
            "min": 0.15,
            "max": 0.15,
            "count": 959
        },
        "Pixel.Policy.Beta.mean": {
            "value": 0.003,
            "min": 0.003,
            "max": 0.003,
            "count": 959
        },
        "Pixel.Policy.Beta.sum": {
            "value": 0.003,
            "min": 0.003,
            "max": 0.003,
            "count": 959
        }
    },
    "metadata": {
        "timer_format_version": "0.1.0",
        "start_time_seconds": "1694996012",
        "python_version": "3.8.16 (default, Jan 17 2023, 22:25:28) [MSC v.1916 64 bit (AMD64)]",
        "command_line_arguments": "C:\\Users\\ML-Lab\\anaconda3\\envs\\hummingbird-2\\Scripts\\mlagents-learn .\\Pixel.yml --run-id Pixel_29",
        "mlagents_version": "0.30.0",
        "mlagents_envs_version": "0.30.0",
        "communication_protocol_version": "1.5.0",
        "pytorch_version": "1.13.1",
        "numpy_version": "1.21.2",
        "end_time_seconds": "1695137577"
    },
    "total": 141577.1138212,
    "count": 1,
    "self": 0.009570800000801682,
    "children": {
        "run_training.setup": {
            "total": 0.10676180000000013,
            "count": 1,
            "self": 0.10676180000000013
        },
        "TrainerController.start_learning": {
            "total": 141576.9974886,
            "count": 1,
            "self": 225.36695229826728,
            "children": {
                "TrainerController._reset_env": {
                    "total": 4.377460299956091,
                    "count": 99,
                    "self": 4.377460299956091
                },
                "TrainerController.advance": {
                    "total": 141347.12954330177,
                    "count": 9885766,
                    "self": 212.12286059668986,
                    "children": {
                        "env_step": {
                            "total": 113139.6464150066,
                            "count": 9885766,
                            "self": 102808.18975371604,
                            "children": {
                                "SubprocessEnvManager._take_step": {
                                    "total": 10185.912053496606,
                                    "count": 9885766,
                                    "self": 579.599462958995,
                                    "children": {
                                        "TorchPolicy.evaluate": {
                                            "total": 9606.312590537611,
                                            "count": 9880462,