{
    "name": "root",
    "gauges": {
        "Pixel.Policy.Entropy.mean": {
            "value": 1.4189382791519165,
            "min": 1.4189382791519165,
            "max": 1.4189382791519165,
            "count": 1
        },
        "Pixel.Policy.Entropy.sum": {
            "value": 28483.767578125,
            "min": 28483.767578125,
            "max": 28483.767578125,
            "count": 1
        },
        "Pixel.Step.mean": {
            "value": 19974.0,
            "min": 19974.0,
            "max": 19974.0,
            "count": 1
        },
        "Pixel.Step.sum": {
            "value": 19974.0,
            "min": 19974.0,
            "max": 19974.0,
            "count": 1
        },
        "Pixel.Policy.ExtrinsicBaselineEstimate.mean": {
            "value": -0.07536975294351578,
            "min": -0.07536975294351578,
            "max": -0.07536975294351578,
            "count": 1
        },
        "Pixel.Policy.ExtrinsicBaselineEstimate.sum": {
            "value": -15.30005931854248,
            "min": -15.30005931854248,
            "max": -15.30005931854248,
            "count": 1
        },
        "Pixel.Policy.ExtrinsicValueEstimate.mean": {
            "value": -0.07538522034883499,
            "min": -0.07538522034883499,
            "max": -0.07538522034883499,
            "count": 1
        },
        "Pixel.Policy.ExtrinsicValueEstimate.sum": {
            "value": -15.303199768066406,
            "min": -15.303199768066406,
            "max": -15.303199768066406,
            "count": 1
        },
        "Pixel.Environment.EpisodeLength.mean": {
            "value": 1521.8333333333333,
            "min": 1521.8333333333333,
            "max": 1521.8333333333333,
            "count": 1
        },
        "Pixel.Environment.EpisodeLength.sum": {
            "value": 18262.0,
            "min": 18262.0,
            "max": 18262.0,
            "count": 1
        },
        "Pixel.Self-play.ELO.mean": {
            "value": 1196.5035302722963,
            "min": 1196.5035302722963,
            "max": 1196.5035302722963,
            "count": 1
        },
        "Pixel.Self-play.ELO.sum": {
            "value": 7179.021181633778,
            "min": 7179.021181633778,
            "max": 7179.021181633778,
            "count": 1
        },
        "Pixel.Environment.CumulativeReward.mean": {
            "value": 0.0,
            "min": 0.0,
            "max": 0.0,
            "count": 1
        },
        "Pixel.Environment.CumulativeReward.sum": {
            "value": 0.0,
            "min": 0.0,
            "max": 0.0,
            "count": 1
        },
        "Pixel.Policy.ExtrinsicReward.mean": {
            "value": 14.916666666666666,
            "min": 14.916666666666666,
            "max": 14.916666666666666,
            "count": 1
        },
        "Pixel.Policy.ExtrinsicReward.sum": {
            "value": 179.0,
            "min": 179.0,
            "max": 179.0,
            "count": 1
        },
        "Pixel.Environment.GroupCumulativeReward.mean": {
            "value": 14.916666666666666,
            "min": 14.916666666666666,
            "max": 14.916666666666666,
            "count": 1
        },
        "Pixel.Environment.GroupCumulativeReward.sum": {
            "value": 179.0,
            "min": 179.0,
            "max": 179.0,
            "count": 1
        },
        "Pixel.IsTraining.mean": {
            "value": 1.0,
            "min": 1.0,
            "max": 1.0,
            "count": 1
        },
        "Pixel.IsTraining.sum": {
            "value": 1.0,
            "min": 1.0,
            "max": 1.0,
            "count": 1
        }
    },
    "metadata": {
        "timer_format_version": "0.1.0",
        "start_time_seconds": "1694825021",
        "python_version": "3.8.16 (default, Jan 17 2023, 22:25:28) [MSC v.1916 64 bit (AMD64)]",
        "command_line_arguments": "C:\\Users\\ML-Lab\\anaconda3\\envs\\hummingbird-2\\Scripts\\mlagents-learn .\\Pixel.yml --run-id Pixel_28",
        "mlagents_version": "0.30.0",
        "mlagents_envs_version": "0.30.0",
        "communication_protocol_version": "1.5.0",
        "pytorch_version": "1.13.1",
        "numpy_version": "1.21.2",
        "end_time_seconds": "1694825142"
    },
    "total": 120.8296534,
    "count": 1,
    "self": 0.012266800000006128,
    "children": {
        "run_training.setup": {
            "total": 0.09027580000000013,
            "count": 1,
            "self": 0.09027580000000013
        },
        "TrainerController.start_learning": {
            "total": 120.72711079999999,
            "count": 1,
            "self": 0.22864879999919197,
            "children": {
                "TrainerController._reset_env": {
                    "total": 6.2116337,
                    "count": 1,
                    "self": 6.2116337
                },
                "TrainerController.advance": {
                    "total": 114.1467439000008,
                    "count": 10139,
                    "self": 0.20646490000082451,
                    "children": {
                        "env_step": {
                            "total": 107.43310589999989,
                            "count": 10139,
                            "self": 96.73961069999919,
                            "children": {
                                "SubprocessEnvManager._take_step": {
                                    "total": 10.544737800000563,
                                    "count": 10139,
                                    "self": 0.6138288000010643,
                                    "children": {
                                        "TorchPolicy.evaluate": {
                                            "total": 9.930908999999499,
                                            "count": 10138,
                                            "self": 9.930908999999499
                                        }
                                    }
                                },
                                "workers": {
                                    "total": 0.14875740000013593,
                                    "count": 10138,
                                    "self": 0.0,
                                    "children": {
                                        "worker_root": {
                                            "total": 114.12896660000054,
                                            "count": 10138,
                                            "is_parallel": true,
                                            "self": 27.352845000000528,
                                            "children": {
                                                "steps_from_proto": {
                                                    "total": 0.0007586000000001647,
                                                    "count": 1,
                                                    "is_parallel": true,
                                                    "self": 9.310000000084528e-05,
                                                    "children": {
                                                        "_process_rank_one_or_two_observation": {
                                                            "total": 0.0006654999999993194,
                                                            "count": 2,
                                                            "is_parallel": true,
                                                            "self": 0.0006654999999993194
                                                        }
                                                    }
                                                },
                                                "UnityEnvironment.step": {
                                                    "total": 86.77536300000001,
                                                    "count": 10138,
                                                    "is_parallel": true,