{"count":1,"self":34591.070617599995,"total":277272.4370684,"children":{"InitializeActuators":{"count":54,"self":0.0016082,"total":0.0016082,"children":null},"InitializeSensors":{"count":54,"self":0.0030063,"total":0.0030063,"children":null},"AgentSendState":{"count":7722051,"self":276.8745728,"total":2385.529391,"children":{"CollectObservations":{"count":83411424,"self":664.0643584,"total":664.0643665,"children":null},"WriteActionMask":{"count":83411424,"self":60.8354432,"total":60.835445699999994,"children":null},"RequestDecision":{"count":83411424,"self":205.0139008,"total":1383.7550145999999,"children":{"AgentInfo.ToProto":{"count":83411424,"self":182.898304,"total":1178.7411199,"children":{"GenerateSensorData":{"count":83411424,"self":995.84276479999994,"total":995.842811,"children":null}}}}}}},"DecideAction":{"count":7722051,"self":239579.0114816,"total":239579.0214444,"children":null},"AgentAct":{"count":7722051,"self":702.78625279999994,"total":702.87203449999993,"children":{"AgentInfo.ToProto":{"count":5152,"self":0.0242173,"total":0.0858019,"children":{"GenerateSensorData":{"count":5152,"self":0.061584599999999996,"total":0.061584599999999996,"children":null}}}}},"AgentInfo.ToProto":{"count":778986,"self":2.81048,"total":13.9390068,"children":{"GenerateSensorData":{"count":778986,"self":11.1285264,"total":11.1285268,"children":null}}}},"gauges":{"Pixel.CumulativeReward":{"count":784138,"max":0,"min":-159.55513,"runningAverage":-0.000412757974,"value":0,"weightedAverage":-2.802597E-45}},"metadata":{"timer_format_version":"0.1.0","start_time_seconds":"1697759058","unity_version":"2022.2.11f1","command_line_arguments":"C:\\Program Files\\Unity\\Hub\\Editor\\2022.2.11f1\\Editor\\Unity.exe -projectpath C:\\Users\\ML-Lab\\Desktop\\Erik\\ML-Agents\\Pixel -useHub -hubIPC -cloudEnvironment production -licensingIpc LicenseClient-ML-Lab -hubSessionId cbf9bacf-e865-4346-8df7-808539d6407d","communication_protocol_version":"1.5.0","com.unity.ml-agents_version":"2.0.1","scene_name":"Pixel","end_time_seconds":"1698036330"}}