{"count":1,"self":58479.4570752,"total":141561.3697856,"children":{"InitializeActuators":{"count":2,"self":0.0009965,"total":0.0009965,"children":null},"InitializeSensors":{"count":2,"self":0.0015063,"total":0.0015063,"children":null},"AgentSendState":{"count":49402403,"self":182.1883392,"total":5082.4740643999994,"children":{"CollectObservations":{"count":19761116,"self":2313.8789376,"total":2313.8790387999998,"children":null},"WriteActionMask":{"count":19761116,"self":17.0803024,"total":17.0803028,"children":null},"RequestDecision":{"count":19761116,"self":77.640384,"total":2569.3263841999997,"children":{"AgentInfo.ToProto":{"count":19761116,"self":77.398271999999992,"total":2491.6860008999997,"children":{"GenerateSensorData":{"count":19761116,"self":2414.2876671999998,"total":2414.287728,"children":null}}}}}}},"DecideAction":{"count":49402403,"self":77662.0539904,"total":77662.0519691,"children":null},"AgentAct":{"count":49402403,"self":335.81603839999997,"total":336.82906399999996,"children":{"AgentInfo.ToProto":{"count":8236,"self":0.035267799999999995,"total":1.0130316,"children":{"GenerateSensorData":{"count":8236,"self":0.9777638,"total":0.9777638,"children":null}}}}},"AgentInfo.ToProto":{"count":5798,"self":0.0248362,"total":0.55637019999999993,"children":{"GenerateSensorData":{"count":5798,"self":0.531534,"total":0.531534,"children":null}}}},"gauges":{"Pixel.CumulativeReward":{"count":14034,"max":0,"min":-16,"runningAverage":-0.0059854663,"value":0,"weightedAverage":-2.802597E-45}},"metadata":{"timer_format_version":"0.1.0","start_time_seconds":"1694996015","unity_version":"2022.2.11f1","command_line_arguments":"C:\\Program Files\\Unity\\Hub\\Editor\\2022.2.11f1\\Editor\\Unity.exe -projectpath C:\\Users\\ML-Lab\\Desktop\\Erik\\ML-Agents\\Pixel -useHub -hubIPC -cloudEnvironment production -licensingIpc LicenseClient-ML-Lab -hubSessionId f488d6cc-e44f-47ee-a6a2-bb957a145899","communication_protocol_version":"1.5.0","com.unity.ml-agents_version":"2.0.1","scene_name":"Pixel","end_time_seconds":"1695137577"}}