{"count":1,"self":1559.7879295999999,"total":39668.261413,"children":{"InitializeActuators":{"count":288,"self":0.0032029999999999997,"total":0.0032029999999999997,"children":null},"InitializeSensors":{"count":288,"self":0.004325,"total":0.004325,"children":null},"AgentSendState":{"count":145001,"self":178.2620288,"total":326.55715599999996,"children":{"CollectObservations":{"count":8402976,"self":5.6580287999999994,"total":5.658029,"children":null},"WriteActionMask":{"count":8402976,"self":5.8030488,"total":5.803049,"children":null},"RequestDecision":{"count":8402976,"self":20.6989216,"total":136.83405199999999,"children":{"AgentInfo.ToProto":{"count":8402976,"self":16.442403199999998,"total":116.13512999999999,"children":{"GenerateSensorData":{"count":8402976,"self":71.105952,"total":99.692726,"children":{"RayPerceptionSensor.Perceive":{"count":8402976,"self":28.5867744,"total":28.586774,"children":null}}}}}}}}},"DecideAction":{"count":145001,"self":37591.6363776,"total":37591.63648,"children":null},"AgentAct":{"count":145001,"self":190.1438464,"total":190.143843,"children":null},"AgentInfo.ToProto":{"count":5648,"self":0.018741999999999998,"total":0.12490499999999999,"children":{"GenerateSensorData":{"count":5648,"self":0.080571999999999991,"total":0.106163,"children":{"RayPerceptionSensor.Perceive":{"count":5648,"self":0.025591,"total":0.025591,"children":null}}}}}},"gauges":{"Pixel.CumulativeReward":{"count":5648,"max":0,"min":-2.89999843,"runningAverage":-0.3405627,"value":0,"weightedAverage":-0.222484022}},"metadata":{"timer_format_version":"0.1.0","start_time_seconds":"1702053298","unity_version":"2022.2.11f1","command_line_arguments":"\/home\/erikguzman\/Desktop\/ML-agents\/Pixel-Project\/Config\/..\/Pixel-Exe\/ray-1-4-l\/Pixel.x86_64 -nographics -batchmode --mlagents-port 5010 -logFile \/home\/erikguzman\/Desktop\/ML-agents\/Pixel-Project\/Config\/results\/pixel-ray-1-4-001\/run_logs\/Player-5.log","communication_protocol_version":"1.5.0","com.unity.ml-agents_version":"2.0.1","scene_name":"Pixel","end_time_seconds":"1702092966"}}_time_seconds":"1702092966"}}